<?xml version="1.0" encoding="UTF-8"?>
<questestinterop xmlns="http://www.imsglobal.org/xsd/ims_qtiasiv1p2" xmlns:xsi="http://www.w3.org/2001/XMLSchema-instance" xsi:schemaLocation="http://www.imsglobal.org/xsd/ims_qtiasiv1p2 http://www.imsglobal.org/xsd/ims_qtiasiv1p2p1.xsd">
  <assessment ident="text2qti_assessment_325fb90e3bce0fda2189b78b6106a589b19127fb402214affc7eb97b8be2d82b" title="Oppgaver uke 13">
    <qtimetadata>
      <qtimetadatafield>
        <fieldlabel>cc_maxattempts</fieldlabel>
        <fieldentry>1</fieldentry>
      </qtimetadatafield>
    </qtimetadata>
    <section ident="root_section">
      <item ident="text2qti_question_7c73ed939619e9048ca368533183a5a9370edf3985e91c740ed394e83a7f80d2" title="Lagrange multiplikatorer">
        <itemmetadata>
          <qtimetadata>
            <qtimetadatafield>
              <fieldlabel>question_type</fieldlabel>
              <fieldentry>numerical_question</fieldentry>
            </qtimetadatafield>
            <qtimetadatafield>
              <fieldlabel>points_possible</fieldlabel>
              <fieldentry>5</fieldentry>
            </qtimetadatafield>
            <qtimetadatafield>
              <fieldlabel>original_answer_ids</fieldlabel>
              <fieldentry>text2qti_numerical_7c73ed939619e9048ca368533183a5a9370edf3985e91c740ed394e83a7f80d2</fieldentry>
            </qtimetadatafield>
            <qtimetadatafield>
              <fieldlabel>assessment_question_identifierref</fieldlabel>
              <fieldentry>text2qti_question_ref_7c73ed939619e9048ca368533183a5a9370edf3985e91c740ed394e83a7f80d2</fieldentry>
            </qtimetadatafield>
          </qtimetadata>
        </itemmetadata>
        <presentation>
          <material>
            <mattext texttype="text/html">&lt;p&gt;La &lt;img class="equation_image" title="f" src="/equation_images/f?scale=1" alt="LaTeX: f" data-equation-content="f" data-ignore-a11y-check="" &gt; være funksjonen
$$f(\begin{bmatrix} x \\ y \\ z \end{bmatrix}) = 1 + x^2  y^2 z^2$$
og la &lt;img class="equation_image" title="g" src="/equation_images/g?scale=1" alt="LaTeX: g" data-equation-content="g" data-ignore-a11y-check="" &gt; være funksjonen
$$g(\begin{bmatrix} x \\ y \\ z \end{bmatrix}) = x^2 +2y^2 + z^2 - 54.$$&lt;/p&gt;
&lt;p&gt;Hva er maksimum til &lt;img class="equation_image" title="f" src="/equation_images/f?scale=1" alt="LaTeX: f" data-equation-content="f" data-ignore-a11y-check="" &gt; under bibetingelsen &lt;img class="equation_image" title="g = 0" src="/equation_images/g%20%3D%200?scale=1" alt="LaTeX: g = 0" data-equation-content="g = 0" data-ignore-a11y-check="" &gt;?&lt;/p&gt;</mattext>
          </material>
          <response_str ident="response1" rcardinality="Single">
            <render_fib fibtype="Decimal">
              <response_label ident="answer1"/>
            </render_fib>
          </response_str>
        </presentation>
        <resprocessing>
          <outcomes>
            <decvar maxvalue="100" minvalue="0" varname="SCORE" vartype="Decimal"/>
          </outcomes>
          <respcondition continue="No">
            <conditionvar>
              <or>
                <varequal respident="response1">2917</varequal>
                <and>
                  <vargte respident="response1">2917</vargte>
                  <varlte respident="response1">2917</varlte>
                </and>
              </or>
            </conditionvar>
            <setvar action="Set" varname="SCORE">100</setvar>
          </respcondition>
        </resprocessing>
      </item>
      <item ident="text2qti_question_4cadc360a9e6f7e3c08128bea230a00a6e286482bdae9558f514be22272d1b04" title="Question">
        <itemmetadata>
          <qtimetadata>
            <qtimetadatafield>
              <fieldlabel>question_type</fieldlabel>
              <fieldentry>numerical_question</fieldentry>
            </qtimetadatafield>
            <qtimetadatafield>
              <fieldlabel>points_possible</fieldlabel>
              <fieldentry>1</fieldentry>
            </qtimetadatafield>
            <qtimetadatafield>
              <fieldlabel>original_answer_ids</fieldlabel>
              <fieldentry>text2qti_numerical_4cadc360a9e6f7e3c08128bea230a00a6e286482bdae9558f514be22272d1b04</fieldentry>
            </qtimetadatafield>
            <qtimetadatafield>
              <fieldlabel>assessment_question_identifierref</fieldlabel>
              <fieldentry>text2qti_question_ref_4cadc360a9e6f7e3c08128bea230a00a6e286482bdae9558f514be22272d1b04</fieldentry>
            </qtimetadatafield>
          </qtimetadata>
        </itemmetadata>
        <presentation>
          <material>
            <mattext texttype="text/html">&lt;p&gt;La &lt;img class="equation_image" title="f" src="/equation_images/f?scale=1" alt="LaTeX: f" data-equation-content="f" data-ignore-a11y-check="" &gt; være funksjonen
$$f(\begin{bmatrix} x \\ y \\ z \end{bmatrix}) = 1 + x^2  y^2 z^2$$
og la &lt;img class="equation_image" title="g" src="/equation_images/g?scale=1" alt="LaTeX: g" data-equation-content="g" data-ignore-a11y-check="" &gt; være funksjonen
$$g(\begin{bmatrix} x \\ y \\ z \end{bmatrix}) = x^2 +2y^2 + z^2 - 54.$$&lt;/p&gt;
&lt;p&gt;Hva er minimum til &lt;img class="equation_image" title="f" src="/equation_images/f?scale=1" alt="LaTeX: f" data-equation-content="f" data-ignore-a11y-check="" &gt; under bibetingelsen &lt;img class="equation_image" title="g = 0" src="/equation_images/g%20%3D%200?scale=1" alt="LaTeX: g = 0" data-equation-content="g = 0" data-ignore-a11y-check="" &gt;?&lt;/p&gt;</mattext>
          </material>
          <response_str ident="response1" rcardinality="Single">
            <render_fib fibtype="Decimal">
              <response_label ident="answer1"/>
            </render_fib>
          </response_str>
        </presentation>
        <resprocessing>
          <outcomes>
            <decvar maxvalue="100" minvalue="0" varname="SCORE" vartype="Decimal"/>
          </outcomes>
          <respcondition continue="No">
            <conditionvar>
              <or>
                <varequal respident="response1">1</varequal>
                <and>
                  <vargte respident="response1">1</vargte>
                  <varlte respident="response1">1</varlte>
                </and>
              </or>
            </conditionvar>
            <setvar action="Set" varname="SCORE">100</setvar>
          </respcondition>
        </resprocessing>
      </item>
      <item ident="text2qti_question_75182e4e47b519016125fdbbec2301521e507794cdf4c477ada2dfbcb6769adc" title="Question">
        <itemmetadata>
          <qtimetadata>
            <qtimetadatafield>
              <fieldlabel>question_type</fieldlabel>
              <fieldentry>numerical_question</fieldentry>
            </qtimetadatafield>
            <qtimetadatafield>
              <fieldlabel>points_possible</fieldlabel>
              <fieldentry>1</fieldentry>
            </qtimetadatafield>
            <qtimetadatafield>
              <fieldlabel>original_answer_ids</fieldlabel>
              <fieldentry>text2qti_numerical_75182e4e47b519016125fdbbec2301521e507794cdf4c477ada2dfbcb6769adc</fieldentry>
            </qtimetadatafield>
            <qtimetadatafield>
              <fieldlabel>assessment_question_identifierref</fieldlabel>
              <fieldentry>text2qti_question_ref_75182e4e47b519016125fdbbec2301521e507794cdf4c477ada2dfbcb6769adc</fieldentry>
            </qtimetadatafield>
          </qtimetadata>
        </itemmetadata>
        <presentation>
          <material>
            <mattext texttype="text/html">&lt;p&gt;La &lt;img class="equation_image" title="f" src="/equation_images/f?scale=1" alt="LaTeX: f" data-equation-content="f" data-ignore-a11y-check="" &gt; være funksjonen
$$f(\begin{bmatrix} x \\ y \\ z \end{bmatrix}) = x^3  y^3 z^3$$
og la &lt;img class="equation_image" title="g" src="/equation_images/g?scale=1" alt="LaTeX: g" data-equation-content="g" data-ignore-a11y-check="" &gt; være funksjonen
$$g(\begin{bmatrix} x \\ y \\ z \end{bmatrix}) = x^3 +3y^3 + z^3 - 24.$$
Hva er maksimum til &lt;img class="equation_image" title="f" src="/equation_images/f?scale=1" alt="LaTeX: f" data-equation-content="f" data-ignore-a11y-check="" &gt; under bibetingelsen &lt;img class="equation_image" title="g = 0" src="/equation_images/g%20%3D%200?scale=1" alt="LaTeX: g = 0" data-equation-content="g = 0" data-ignore-a11y-check="" &gt;?&lt;/p&gt;</mattext>
          </material>
          <response_str ident="response1" rcardinality="Single">
            <render_fib fibtype="Decimal">
              <response_label ident="answer1"/>
            </render_fib>
          </response_str>
        </presentation>
        <resprocessing>
          <outcomes>
            <decvar maxvalue="100" minvalue="0" varname="SCORE" vartype="Decimal"/>
          </outcomes>
          <respcondition continue="No">
            <conditionvar>
              <or>
                <varequal respident="response1">256</varequal>
                <and>
                  <vargte respident="response1">256</vargte>
                  <varlte respident="response1">256</varlte>
                </and>
              </or>
            </conditionvar>
            <setvar action="Set" varname="SCORE">100</setvar>
          </respcondition>
        </resprocessing>
      </item>
      <item ident="text2qti_question_d27262e49ff83ec3c59e78c9a73708aa593a32fcc1408b1eeb9251d6459c02f2" title="Question">
        <itemmetadata>
          <qtimetadata>
            <qtimetadatafield>
              <fieldlabel>question_type</fieldlabel>
              <fieldentry>numerical_question</fieldentry>
            </qtimetadatafield>
            <qtimetadatafield>
              <fieldlabel>points_possible</fieldlabel>
              <fieldentry>1</fieldentry>
            </qtimetadatafield>
            <qtimetadatafield>
              <fieldlabel>original_answer_ids</fieldlabel>
              <fieldentry>text2qti_numerical_d27262e49ff83ec3c59e78c9a73708aa593a32fcc1408b1eeb9251d6459c02f2</fieldentry>
            </qtimetadatafield>
            <qtimetadatafield>
              <fieldlabel>assessment_question_identifierref</fieldlabel>
              <fieldentry>text2qti_question_ref_d27262e49ff83ec3c59e78c9a73708aa593a32fcc1408b1eeb9251d6459c02f2</fieldentry>
            </qtimetadatafield>
          </qtimetadata>
        </itemmetadata>
        <presentation>
          <material>
            <mattext texttype="text/html">&lt;p&gt;La &lt;img class="equation_image" title="F" src="/equation_images/F?scale=1" alt="LaTeX: F" data-equation-content="F" data-ignore-a11y-check="" &gt; være funksjonen
$$F(\begin{bmatrix} x \\ y \end{bmatrix}) = \frac 12 x^2 - 2xy + 3y^2 - 2y.$$
Bruk Eulers metode for løsning av differensialligninger
til å finne minimumsverdien til &lt;img class="equation_image" title="F" src="/equation_images/F?scale=1" alt="LaTeX: F" data-equation-content="F" data-ignore-a11y-check="" &gt;.
&lt;a href="https://colab.research.google.com/github/mbr085/V25MAT102/blob/main/notebooks/oblig3/gradienteuler.ipynb"&gt;Bruk gjerne denne koden fra forlesningen.&lt;/a&gt;
Hva er minimumsverdien til &lt;img class="equation_image" title="F" src="/equation_images/F?scale=1" alt="LaTeX: F" data-equation-content="F" data-ignore-a11y-check="" &gt;?&lt;/p&gt;</mattext>
          </material>
          <response_str ident="response1" rcardinality="Single">
            <render_fib fibtype="Decimal">
              <response_label ident="answer1"/>
            </render_fib>
          </response_str>
        </presentation>
        <resprocessing>
          <outcomes>
            <decvar maxvalue="100" minvalue="0" varname="SCORE" vartype="Decimal"/>
          </outcomes>
          <respcondition continue="No">
            <conditionvar>
              <or>
                <varequal respident="response1">-1.0000</varequal>
                <and>
                  <vargte respident="response1">-1.0001</vargte>
                  <varlte respident="response1">-0.9999</varlte>
                </and>
              </or>
            </conditionvar>
            <setvar action="Set" varname="SCORE">100</setvar>
          </respcondition>
        </resprocessing>
      </item>
    </section>
  </assessment>
</questestinterop>
