<?xml version="1.0" encoding="UTF-8"?>
<questestinterop xmlns="http://www.imsglobal.org/xsd/ims_qtiasiv1p2" xmlns:xsi="http://www.w3.org/2001/XMLSchema-instance" xsi:schemaLocation="http://www.imsglobal.org/xsd/ims_qtiasiv1p2 http://www.imsglobal.org/xsd/ims_qtiasiv1p2p1.xsd">
  <assessment ident="text2qti_assessment_af414bf0e4b43b024e25fe6c657b092c9ccfa28cc8ad69b9d09e24e3744c110f" title="Obligatorisk oppgave 3">
    <qtimetadata>
      <qtimetadatafield>
        <fieldlabel>cc_maxattempts</fieldlabel>
        <fieldentry>1</fieldentry>
      </qtimetadatafield>
    </qtimetadata>
    <section ident="root_section">
    <section ident="text2qti_group_325fb90e3bce0fda2189b78b6106a589b19127fb402214affc7eb97b8be2d82b" title="Group">
      <selection_ordering>
        <selection>
          <selection_number>1</selection_number>
          <selection_extension>
            <points_per_item>5</points_per_item>
          </selection_extension>
        </selection>
      </selection_ordering>
      <item ident="text2qti_question_7c73ed939619e9048ca368533183a5a9370edf3985e91c740ed394e83a7f80d2" title="Question">
        <itemmetadata>
          <qtimetadata>
            <qtimetadatafield>
              <fieldlabel>question_type</fieldlabel>
              <fieldentry>numerical_question</fieldentry>
            </qtimetadatafield>
            <qtimetadatafield>
              <fieldlabel>points_possible</fieldlabel>
              <fieldentry>1</fieldentry>
            </qtimetadatafield>
            <qtimetadatafield>
              <fieldlabel>original_answer_ids</fieldlabel>
              <fieldentry>text2qti_numerical_7c73ed939619e9048ca368533183a5a9370edf3985e91c740ed394e83a7f80d2</fieldentry>
            </qtimetadatafield>
            <qtimetadatafield>
              <fieldlabel>assessment_question_identifierref</fieldlabel>
              <fieldentry>text2qti_question_ref_7c73ed939619e9048ca368533183a5a9370edf3985e91c740ed394e83a7f80d2</fieldentry>
            </qtimetadatafield>
          </qtimetadata>
        </itemmetadata>
        <presentation>
          <material>
            <mattext texttype="text/html">&lt;p&gt;La &lt;img class="equation_image" title="f" src="/equation_images/f?scale=1" alt="LaTeX: f" data-equation-content="f" data-ignore-a11y-check="" &gt; være funksjonen
$$f(\begin{bmatrix} x \\ y \\ z \end{bmatrix}) = 1 + x^2  y^2 z^2$$
og la &lt;img class="equation_image" title="g" src="/equation_images/g?scale=1" alt="LaTeX: g" data-equation-content="g" data-ignore-a11y-check="" &gt; være funksjonen
$$g(\begin{bmatrix} x \\ y \\ z \end{bmatrix}) = x^2 +2y^2 + z^2 - 54.$$&lt;/p&gt;
&lt;p&gt;Hva er maksimum til &lt;img class="equation_image" title="f" src="/equation_images/f?scale=1" alt="LaTeX: f" data-equation-content="f" data-ignore-a11y-check="" &gt; under bibetingelsen &lt;img class="equation_image" title="g = 0" src="/equation_images/g%20%3D%200?scale=1" alt="LaTeX: g = 0" data-equation-content="g = 0" data-ignore-a11y-check="" &gt;?&lt;/p&gt;</mattext>
          </material>
          <response_str ident="response1" rcardinality="Single">
            <render_fib fibtype="Decimal">
              <response_label ident="answer1"/>
            </render_fib>
          </response_str>
        </presentation>
        <resprocessing>
          <outcomes>
            <decvar maxvalue="100" minvalue="0" varname="SCORE" vartype="Decimal"/>
          </outcomes>
          <respcondition continue="No">
            <conditionvar>
              <or>
                <varequal respident="response1">2917</varequal>
                <and>
                  <vargte respident="response1">2917</vargte>
                  <varlte respident="response1">2917</varlte>
                </and>
              </or>
            </conditionvar>
            <setvar action="Set" varname="SCORE">100</setvar>
          </respcondition>
        </resprocessing>
      </item>
      <item ident="text2qti_question_4cadc360a9e6f7e3c08128bea230a00a6e286482bdae9558f514be22272d1b04" title="Question">
        <itemmetadata>
          <qtimetadata>
            <qtimetadatafield>
              <fieldlabel>question_type</fieldlabel>
              <fieldentry>numerical_question</fieldentry>
            </qtimetadatafield>
            <qtimetadatafield>
              <fieldlabel>points_possible</fieldlabel>
              <fieldentry>1</fieldentry>
            </qtimetadatafield>
            <qtimetadatafield>
              <fieldlabel>original_answer_ids</fieldlabel>
              <fieldentry>text2qti_numerical_4cadc360a9e6f7e3c08128bea230a00a6e286482bdae9558f514be22272d1b04</fieldentry>
            </qtimetadatafield>
            <qtimetadatafield>
              <fieldlabel>assessment_question_identifierref</fieldlabel>
              <fieldentry>text2qti_question_ref_4cadc360a9e6f7e3c08128bea230a00a6e286482bdae9558f514be22272d1b04</fieldentry>
            </qtimetadatafield>
          </qtimetadata>
        </itemmetadata>
        <presentation>
          <material>
            <mattext texttype="text/html">&lt;p&gt;La &lt;img class="equation_image" title="f" src="/equation_images/f?scale=1" alt="LaTeX: f" data-equation-content="f" data-ignore-a11y-check="" &gt; være funksjonen
$$f(\begin{bmatrix} x \\ y \\ z \end{bmatrix}) = 1 + x^2  y^2 z^2$$
og la &lt;img class="equation_image" title="g" src="/equation_images/g?scale=1" alt="LaTeX: g" data-equation-content="g" data-ignore-a11y-check="" &gt; være funksjonen
$$g(\begin{bmatrix} x \\ y \\ z \end{bmatrix}) = x^2 +2y^2 + z^2 - 54.$$&lt;/p&gt;
&lt;p&gt;Hva er minimum til &lt;img class="equation_image" title="f" src="/equation_images/f?scale=1" alt="LaTeX: f" data-equation-content="f" data-ignore-a11y-check="" &gt; under bibetingelsen &lt;img class="equation_image" title="g = 0" src="/equation_images/g%20%3D%200?scale=1" alt="LaTeX: g = 0" data-equation-content="g = 0" data-ignore-a11y-check="" &gt;?&lt;/p&gt;</mattext>
          </material>
          <response_str ident="response1" rcardinality="Single">
            <render_fib fibtype="Decimal">
              <response_label ident="answer1"/>
            </render_fib>
          </response_str>
        </presentation>
        <resprocessing>
          <outcomes>
            <decvar maxvalue="100" minvalue="0" varname="SCORE" vartype="Decimal"/>
          </outcomes>
          <respcondition continue="No">
            <conditionvar>
              <or>
                <varequal respident="response1">1</varequal>
                <and>
                  <vargte respident="response1">1</vargte>
                  <varlte respident="response1">1</varlte>
                </and>
              </or>
            </conditionvar>
            <setvar action="Set" varname="SCORE">100</setvar>
          </respcondition>
        </resprocessing>
      </item>
      <item ident="text2qti_question_75182e4e47b519016125fdbbec2301521e507794cdf4c477ada2dfbcb6769adc" title="Question">
        <itemmetadata>
          <qtimetadata>
            <qtimetadatafield>
              <fieldlabel>question_type</fieldlabel>
              <fieldentry>numerical_question</fieldentry>
            </qtimetadatafield>
            <qtimetadatafield>
              <fieldlabel>points_possible</fieldlabel>
              <fieldentry>1</fieldentry>
            </qtimetadatafield>
            <qtimetadatafield>
              <fieldlabel>original_answer_ids</fieldlabel>
              <fieldentry>text2qti_numerical_75182e4e47b519016125fdbbec2301521e507794cdf4c477ada2dfbcb6769adc</fieldentry>
            </qtimetadatafield>
            <qtimetadatafield>
              <fieldlabel>assessment_question_identifierref</fieldlabel>
              <fieldentry>text2qti_question_ref_75182e4e47b519016125fdbbec2301521e507794cdf4c477ada2dfbcb6769adc</fieldentry>
            </qtimetadatafield>
          </qtimetadata>
        </itemmetadata>
        <presentation>
          <material>
            <mattext texttype="text/html">&lt;p&gt;La &lt;img class="equation_image" title="f" src="/equation_images/f?scale=1" alt="LaTeX: f" data-equation-content="f" data-ignore-a11y-check="" &gt; være funksjonen
$$f(\begin{bmatrix} x \\ y \\ z \end{bmatrix}) = x^3  y^3 z^3$$
og la &lt;img class="equation_image" title="g" src="/equation_images/g?scale=1" alt="LaTeX: g" data-equation-content="g" data-ignore-a11y-check="" &gt; være funksjonen
$$g(\begin{bmatrix} x \\ y \\ z \end{bmatrix}) = x^3 +3y^3 + z^3 - 24.$$
Hva er maksimum til &lt;img class="equation_image" title="f" src="/equation_images/f?scale=1" alt="LaTeX: f" data-equation-content="f" data-ignore-a11y-check="" &gt; under bibetingelsen &lt;img class="equation_image" title="g = 0" src="/equation_images/g%20%3D%200?scale=1" alt="LaTeX: g = 0" data-equation-content="g = 0" data-ignore-a11y-check="" &gt;?&lt;/p&gt;</mattext>
          </material>
          <response_str ident="response1" rcardinality="Single">
            <render_fib fibtype="Decimal">
              <response_label ident="answer1"/>
            </render_fib>
          </response_str>
        </presentation>
        <resprocessing>
          <outcomes>
            <decvar maxvalue="100" minvalue="0" varname="SCORE" vartype="Decimal"/>
          </outcomes>
          <respcondition continue="No">
            <conditionvar>
              <or>
                <varequal respident="response1">256</varequal>
                <and>
                  <vargte respident="response1">256</vargte>
                  <varlte respident="response1">256</varlte>
                </and>
              </or>
            </conditionvar>
            <setvar action="Set" varname="SCORE">100</setvar>
          </respcondition>
        </resprocessing>
      </item>
      <item ident="text2qti_question_d27262e49ff83ec3c59e78c9a73708aa593a32fcc1408b1eeb9251d6459c02f2" title="Question">
        <itemmetadata>
          <qtimetadata>
            <qtimetadatafield>
              <fieldlabel>question_type</fieldlabel>
              <fieldentry>numerical_question</fieldentry>
            </qtimetadatafield>
            <qtimetadatafield>
              <fieldlabel>points_possible</fieldlabel>
              <fieldentry>1</fieldentry>
            </qtimetadatafield>
            <qtimetadatafield>
              <fieldlabel>original_answer_ids</fieldlabel>
              <fieldentry>text2qti_numerical_d27262e49ff83ec3c59e78c9a73708aa593a32fcc1408b1eeb9251d6459c02f2</fieldentry>
            </qtimetadatafield>
            <qtimetadatafield>
              <fieldlabel>assessment_question_identifierref</fieldlabel>
              <fieldentry>text2qti_question_ref_d27262e49ff83ec3c59e78c9a73708aa593a32fcc1408b1eeb9251d6459c02f2</fieldentry>
            </qtimetadatafield>
          </qtimetadata>
        </itemmetadata>
        <presentation>
          <material>
            <mattext texttype="text/html">&lt;p&gt;La &lt;img class="equation_image" title="F" src="/equation_images/F?scale=1" alt="LaTeX: F" data-equation-content="F" data-ignore-a11y-check="" &gt; være funksjonen
$$F(\begin{bmatrix} x \\ y \end{bmatrix}) = \frac 12 x^2 - 2xy + 3y^2 - 2y.$$
Bruk Eulers metode for løsning av differensialligninger
til å finne minimumsverdien til &lt;img class="equation_image" title="F" src="/equation_images/F?scale=1" alt="LaTeX: F" data-equation-content="F" data-ignore-a11y-check="" &gt;.
&lt;a href="https://colab.research.google.com/github/mbr085/V25MAT102/blob/main/notebooks/oblig3/gradienteuler.ipynb"&gt;Bruk gjerne denne koden fra forlesningen.&lt;/a&gt;
Hva er minimumsverdien til &lt;img class="equation_image" title="F" src="/equation_images/F?scale=1" alt="LaTeX: F" data-equation-content="F" data-ignore-a11y-check="" &gt;?&lt;/p&gt;</mattext>
          </material>
          <response_str ident="response1" rcardinality="Single">
            <render_fib fibtype="Decimal">
              <response_label ident="answer1"/>
            </render_fib>
          </response_str>
        </presentation>
        <resprocessing>
          <outcomes>
            <decvar maxvalue="100" minvalue="0" varname="SCORE" vartype="Decimal"/>
          </outcomes>
          <respcondition continue="No">
            <conditionvar>
              <or>
                <varequal respident="response1">-1.0000</varequal>
                <and>
                  <vargte respident="response1">-1.0001</vargte>
                  <varlte respident="response1">-0.9999</varlte>
                </and>
              </or>
            </conditionvar>
            <setvar action="Set" varname="SCORE">100</setvar>
          </respcondition>
        </resprocessing>
      </item>
    </section>
    <section ident="text2qti_group_12a05ea54d99512d358e4cea0ba1cbcfbf8bf0a8174a1b6fedcac8202afd0907" title="Group">
      <selection_ordering>
        <selection>
          <selection_number>1</selection_number>
          <selection_extension>
            <points_per_item>5</points_per_item>
          </selection_extension>
        </selection>
      </selection_ordering>
      <item ident="text2qti_question_9d4df6f9cdc57f9f0b3e094b96af319319f22db62725f5f526c5f91ec8a86e21" title="Question">
        <itemmetadata>
          <qtimetadata>
            <qtimetadatafield>
              <fieldlabel>question_type</fieldlabel>
              <fieldentry>multiple_answers_question</fieldentry>
            </qtimetadatafield>
            <qtimetadatafield>
              <fieldlabel>points_possible</fieldlabel>
              <fieldentry>1</fieldentry>
            </qtimetadatafield>
            <qtimetadatafield>
              <fieldlabel>original_answer_ids</fieldlabel>
              <fieldentry>text2qti_choice_b7552731090e6983736e31193833473a0fc4f90cdd16affe8ed9f6d05e271838,text2qti_choice_a3bd60ecda2f33cdda2cd69c7719d0028798873665ed611bdaa3d4c90328abf1,text2qti_choice_d4483aa025f7a2c208e46b8dc06c86fb71158d509c76e2217f3c3de83a4aede4,text2qti_choice_8028548cfb7336ae17027abbf1677b17935b460e98fe53ce6132f06e96967440,text2qti_choice_b5bf30cdc2eff63a442e0e1eba8abde026cc13021acb058cba65f0823c3a737f</fieldentry>
            </qtimetadatafield>
            <qtimetadatafield>
              <fieldlabel>assessment_question_identifierref</fieldlabel>
              <fieldentry>text2qti_question_ref_9d4df6f9cdc57f9f0b3e094b96af319319f22db62725f5f526c5f91ec8a86e21</fieldentry>
            </qtimetadatafield>
          </qtimetadata>
        </itemmetadata>
        <presentation>
          <material>
            <mattext texttype="text/html">&lt;p&gt;Ola og Kari gjør analyse av temperaturer i Oslo. Løs
&lt;a href="https://colab.research.google.com/github/mbr085/V25MAT102/blob/main/notebooks/oblig3/oslobergen.ipynb"&gt;denne oppgaven på Google colab&lt;/a&gt;
for tidsperioden fra 1. januar 1950 til 31. desember 1979 og velg utsagnene under som stemmer.&lt;/p&gt;</mattext>
          </material>
          <response_lid ident="response1" rcardinality="Multiple">
            <render_choice>
              <response_label ident="text2qti_choice_b7552731090e6983736e31193833473a0fc4f90cdd16affe8ed9f6d05e271838">
                <material>
                  <mattext texttype="text/html">&lt;p&gt;Kari kan med en &lt;img class="equation_image" title="5\%" src="/equation_images/5%5C%25?scale=1" alt="LaTeX: 5\%" data-equation-content="5\%" data-ignore-a11y-check="" &gt; signifikansnivå forkaste nullhypotesen at temperaturene i Bergen er høyst en og en halv grader høyere enn i Oslo.&lt;/p&gt;</mattext>
                </material>
              </response_label>
              <response_label ident="text2qti_choice_a3bd60ecda2f33cdda2cd69c7719d0028798873665ed611bdaa3d4c90328abf1">
                <material>
                  <mattext texttype="text/html">&lt;p&gt;Ola kan med en &lt;img class="equation_image" title="5\%" src="/equation_images/5%5C%25?scale=1" alt="LaTeX: 5\%" data-equation-content="5\%" data-ignore-a11y-check="" &gt; signifikansnivå forkaste nullhypotesen at temperaturene i Bergen er høyst en og en halv grader høyere enn i Oslo.&lt;/p&gt;</mattext>
                </material>
              </response_label>
              <response_label ident="text2qti_choice_d4483aa025f7a2c208e46b8dc06c86fb71158d509c76e2217f3c3de83a4aede4">
                <material>
                  <mattext texttype="text/html">&lt;p&gt;Kari og Ola kommer til samme konklusjon.&lt;/p&gt;</mattext>
                </material>
              </response_label>
              <response_label ident="text2qti_choice_8028548cfb7336ae17027abbf1677b17935b460e98fe53ce6132f06e96967440">
                <material>
                  <mattext texttype="text/html">&lt;p&gt;p-verdien til Kari er mindre enn &lt;img class="equation_image" title="10^{-6}" src="/equation_images/10%5E%7B-6%7D?scale=1" alt="LaTeX: 10^{-6}" data-equation-content="10^{-6}" data-ignore-a11y-check="" &gt;&lt;/p&gt;</mattext>
                </material>
              </response_label>
              <response_label ident="text2qti_choice_b5bf30cdc2eff63a442e0e1eba8abde026cc13021acb058cba65f0823c3a737f">
                <material>
                  <mattext texttype="text/html">&lt;p&gt;p-verdien til Ola er mindre enn &lt;img class="equation_image" title="10^{-6}" src="/equation_images/10%5E%7B-6%7D?scale=1" alt="LaTeX: 10^{-6}" data-equation-content="10^{-6}" data-ignore-a11y-check="" &gt;&lt;/p&gt;</mattext>
                </material>
              </response_label>
            </render_choice>
          </response_lid>
        </presentation>
        <resprocessing>
          <outcomes>
            <decvar maxvalue="100" minvalue="0" varname="SCORE" vartype="Decimal"/>
          </outcomes>
          <respcondition continue="No">
            <conditionvar>
              <and>
                <varequal respident="response1">text2qti_choice_b7552731090e6983736e31193833473a0fc4f90cdd16affe8ed9f6d05e271838</varequal>
                <varequal respident="response1">text2qti_choice_a3bd60ecda2f33cdda2cd69c7719d0028798873665ed611bdaa3d4c90328abf1</varequal>
                <varequal respident="response1">text2qti_choice_d4483aa025f7a2c208e46b8dc06c86fb71158d509c76e2217f3c3de83a4aede4</varequal>
                <varequal respident="response1">text2qti_choice_8028548cfb7336ae17027abbf1677b17935b460e98fe53ce6132f06e96967440</varequal>
                <not>
                  <varequal respident="response1">text2qti_choice_b5bf30cdc2eff63a442e0e1eba8abde026cc13021acb058cba65f0823c3a737f</varequal>
                </not>
              </and>
            </conditionvar>
            <setvar action="Set" varname="SCORE">100</setvar>
          </respcondition>
        </resprocessing>
      </item>
      <item ident="text2qti_question_b7ca814aabda921ab8a51427e1739a5b4ee1f7528e8f2ba1fed9b9fcb4d24bc2" title="Question">
        <itemmetadata>
          <qtimetadata>
            <qtimetadatafield>
              <fieldlabel>question_type</fieldlabel>
              <fieldentry>multiple_answers_question</fieldentry>
            </qtimetadatafield>
            <qtimetadatafield>
              <fieldlabel>points_possible</fieldlabel>
              <fieldentry>1</fieldentry>
            </qtimetadatafield>
            <qtimetadatafield>
              <fieldlabel>original_answer_ids</fieldlabel>
              <fieldentry>text2qti_choice_048c977febaf8caaea68bcf9c3d9c15996fd3f9b701888ba0ab0647c445f71e1,text2qti_choice_862f70cc06d43bb71b7e2e840698561fd4ce4963d1d0d95dfb2d8b292d246204,text2qti_choice_39adf9d0fbb4a3f145ad8a3f300691e804ca6429a4db0ee828be70010b0f7eac,text2qti_choice_4334ea8f3879ddced9cc714078dcaf1eb1daa54ea3f1d37c859c44ce40fbe3ca,text2qti_choice_f3459cf90a520231d866cc0a912990a9a4092800e3023091e30bee382988929a</fieldentry>
            </qtimetadatafield>
            <qtimetadatafield>
              <fieldlabel>assessment_question_identifierref</fieldlabel>
              <fieldentry>text2qti_question_ref_b7ca814aabda921ab8a51427e1739a5b4ee1f7528e8f2ba1fed9b9fcb4d24bc2</fieldentry>
            </qtimetadatafield>
          </qtimetadata>
        </itemmetadata>
        <presentation>
          <material>
            <mattext texttype="text/html">&lt;p&gt;Ola og Kari gjør analyse av temperaturer i Oslo. Løs
&lt;a href="https://colab.research.google.com/github/mbr085/V25MAT102/blob/main/notebooks/oblig3/oslobergen.ipynb"&gt;denne oppgaven på Google colab&lt;/a&gt;
for tidsperioden fra 1. januar 1930 til 31. desember 1959 og velg utsagnene under som stemmer.&lt;/p&gt;</mattext>
          </material>
          <response_lid ident="response1" rcardinality="Multiple">
            <render_choice>
              <response_label ident="text2qti_choice_048c977febaf8caaea68bcf9c3d9c15996fd3f9b701888ba0ab0647c445f71e1">
                <material>
                  <mattext texttype="text/html">&lt;p&gt;Kari kan med en &lt;img class="equation_image" title="5\%" src="/equation_images/5%5C%25?scale=1" alt="LaTeX: 5\%" data-equation-content="5\%" data-ignore-a11y-check="" &gt; signifikansnivå forkaste nullhypotesen at temperaturene i Bergen er høyst en og en halv grader høyere enn i Oslo.&lt;/p&gt;</mattext>
                </material>
              </response_label>
              <response_label ident="text2qti_choice_862f70cc06d43bb71b7e2e840698561fd4ce4963d1d0d95dfb2d8b292d246204">
                <material>
                  <mattext texttype="text/html">&lt;p&gt;Ola kan med en &lt;img class="equation_image" title="5\%" src="/equation_images/5%5C%25?scale=1" alt="LaTeX: 5\%" data-equation-content="5\%" data-ignore-a11y-check="" &gt; signifikansnivå forkaste nullhypotesen at temperaturene i Bergen er høyst en og en halv grader høyere enn i Oslo.&lt;/p&gt;</mattext>
                </material>
              </response_label>
              <response_label ident="text2qti_choice_39adf9d0fbb4a3f145ad8a3f300691e804ca6429a4db0ee828be70010b0f7eac">
                <material>
                  <mattext texttype="text/html">&lt;p&gt;Kari og Ola kommer til samme konklusjon.&lt;/p&gt;</mattext>
                </material>
              </response_label>
              <response_label ident="text2qti_choice_4334ea8f3879ddced9cc714078dcaf1eb1daa54ea3f1d37c859c44ce40fbe3ca">
                <material>
                  <mattext texttype="text/html">&lt;p&gt;p-verdien til Kari er mindre enn &lt;img class="equation_image" title="10^{-6}" src="/equation_images/10%5E%7B-6%7D?scale=1" alt="LaTeX: 10^{-6}" data-equation-content="10^{-6}" data-ignore-a11y-check="" &gt;&lt;/p&gt;</mattext>
                </material>
              </response_label>
              <response_label ident="text2qti_choice_f3459cf90a520231d866cc0a912990a9a4092800e3023091e30bee382988929a">
                <material>
                  <mattext texttype="text/html">&lt;p&gt;p-verdien til Ola er mindre enn &lt;img class="equation_image" title="10^{-6}" src="/equation_images/10%5E%7B-6%7D?scale=1" alt="LaTeX: 10^{-6}" data-equation-content="10^{-6}" data-ignore-a11y-check="" &gt;&lt;/p&gt;</mattext>
                </material>
              </response_label>
            </render_choice>
          </response_lid>
        </presentation>
        <resprocessing>
          <outcomes>
            <decvar maxvalue="100" minvalue="0" varname="SCORE" vartype="Decimal"/>
          </outcomes>
          <respcondition continue="No">
            <conditionvar>
              <and>
                <varequal respident="response1">text2qti_choice_048c977febaf8caaea68bcf9c3d9c15996fd3f9b701888ba0ab0647c445f71e1</varequal>
                <not>
                  <varequal respident="response1">text2qti_choice_862f70cc06d43bb71b7e2e840698561fd4ce4963d1d0d95dfb2d8b292d246204</varequal>
                </not>
                <not>
                  <varequal respident="response1">text2qti_choice_39adf9d0fbb4a3f145ad8a3f300691e804ca6429a4db0ee828be70010b0f7eac</varequal>
                </not>
                <not>
                  <varequal respident="response1">text2qti_choice_4334ea8f3879ddced9cc714078dcaf1eb1daa54ea3f1d37c859c44ce40fbe3ca</varequal>
                </not>
                <not>
                  <varequal respident="response1">text2qti_choice_f3459cf90a520231d866cc0a912990a9a4092800e3023091e30bee382988929a</varequal>
                </not>
              </and>
            </conditionvar>
            <setvar action="Set" varname="SCORE">100</setvar>
          </respcondition>
        </resprocessing>
      </item>
      <item ident="text2qti_question_05c00cafd418d3436e93672e30e79db15bd27553036e200f0df0d563f713aef1" title="Question">
        <itemmetadata>
          <qtimetadata>
            <qtimetadatafield>
              <fieldlabel>question_type</fieldlabel>
              <fieldentry>multiple_answers_question</fieldentry>
            </qtimetadatafield>
            <qtimetadatafield>
              <fieldlabel>points_possible</fieldlabel>
              <fieldentry>1</fieldentry>
            </qtimetadatafield>
            <qtimetadatafield>
              <fieldlabel>original_answer_ids</fieldlabel>
              <fieldentry>text2qti_choice_4d298d49e8f34a064d249f435f4dee8891dfcfc0c09ba622debd9b5d81c9a93f,text2qti_choice_b5a2f81bd5dea0e22c37c7c53f355c511106629facf3b6bc5abded46fe7f6c9b,text2qti_choice_0ff8eb94d6dca635affe3c8bc52b2560a91ff17e00a2ac9d58ffccc49cd2fee9,text2qti_choice_376dfbee7949904879529563db890314c08fccf1aa47bf4d3609ebe2044d626f,text2qti_choice_9968b34b671fd2f8641b5ff636d25a4e36fcf3a484685fbbe416c5a31bff2329</fieldentry>
            </qtimetadatafield>
            <qtimetadatafield>
              <fieldlabel>assessment_question_identifierref</fieldlabel>
              <fieldentry>text2qti_question_ref_05c00cafd418d3436e93672e30e79db15bd27553036e200f0df0d563f713aef1</fieldentry>
            </qtimetadatafield>
          </qtimetadata>
        </itemmetadata>
        <presentation>
          <material>
            <mattext texttype="text/html">&lt;p&gt;Ola og Kari gjør analyse av temperaturer i Oslo. Løs
&lt;a href="https://colab.research.google.com/github/mbr085/V25MAT102/blob/main/notebooks/oblig3/oslobergen.ipynb"&gt;denne oppgaven på Google colab&lt;/a&gt;
for tidsperioden fra 1. januar 1990 til 31. desember 2009 og velg utsagnene under som stemmer.&lt;/p&gt;</mattext>
          </material>
          <response_lid ident="response1" rcardinality="Multiple">
            <render_choice>
              <response_label ident="text2qti_choice_4d298d49e8f34a064d249f435f4dee8891dfcfc0c09ba622debd9b5d81c9a93f">
                <material>
                  <mattext texttype="text/html">&lt;p&gt;Kari kan med en &lt;img class="equation_image" title="5\%" src="/equation_images/5%5C%25?scale=1" alt="LaTeX: 5\%" data-equation-content="5\%" data-ignore-a11y-check="" &gt; signifikansnivå forkaste nullhypotesen at temperaturene i Bergen er høyst en og en halv grader høyere enn i Oslo.&lt;/p&gt;</mattext>
                </material>
              </response_label>
              <response_label ident="text2qti_choice_b5a2f81bd5dea0e22c37c7c53f355c511106629facf3b6bc5abded46fe7f6c9b">
                <material>
                  <mattext texttype="text/html">&lt;p&gt;Ola kan med en &lt;img class="equation_image" title="5\%" src="/equation_images/5%5C%25?scale=1" alt="LaTeX: 5\%" data-equation-content="5\%" data-ignore-a11y-check="" &gt; signifikansnivå forkaste nullhypotesen at temperaturene i Bergen er høyst en og en halv grader høyere enn i Oslo.&lt;/p&gt;</mattext>
                </material>
              </response_label>
              <response_label ident="text2qti_choice_0ff8eb94d6dca635affe3c8bc52b2560a91ff17e00a2ac9d58ffccc49cd2fee9">
                <material>
                  <mattext texttype="text/html">&lt;p&gt;Kari og Ola kommer til samme konklusjon.&lt;/p&gt;</mattext>
                </material>
              </response_label>
              <response_label ident="text2qti_choice_376dfbee7949904879529563db890314c08fccf1aa47bf4d3609ebe2044d626f">
                <material>
                  <mattext texttype="text/html">&lt;p&gt;p-verdien til Kari er mindre enn &lt;img class="equation_image" title="10^{-6}" src="/equation_images/10%5E%7B-6%7D?scale=1" alt="LaTeX: 10^{-6}" data-equation-content="10^{-6}" data-ignore-a11y-check="" &gt;&lt;/p&gt;</mattext>
                </material>
              </response_label>
              <response_label ident="text2qti_choice_9968b34b671fd2f8641b5ff636d25a4e36fcf3a484685fbbe416c5a31bff2329">
                <material>
                  <mattext texttype="text/html">&lt;p&gt;p-verdien til Ola er mindre enn &lt;img class="equation_image" title="10^{-6}" src="/equation_images/10%5E%7B-6%7D?scale=1" alt="LaTeX: 10^{-6}" data-equation-content="10^{-6}" data-ignore-a11y-check="" &gt;&lt;/p&gt;</mattext>
                </material>
              </response_label>
            </render_choice>
          </response_lid>
        </presentation>
        <resprocessing>
          <outcomes>
            <decvar maxvalue="100" minvalue="0" varname="SCORE" vartype="Decimal"/>
          </outcomes>
          <respcondition continue="No">
            <conditionvar>
              <and>
                <not>
                  <varequal respident="response1">text2qti_choice_4d298d49e8f34a064d249f435f4dee8891dfcfc0c09ba622debd9b5d81c9a93f</varequal>
                </not>
                <not>
                  <varequal respident="response1">text2qti_choice_b5a2f81bd5dea0e22c37c7c53f355c511106629facf3b6bc5abded46fe7f6c9b</varequal>
                </not>
                <varequal respident="response1">text2qti_choice_0ff8eb94d6dca635affe3c8bc52b2560a91ff17e00a2ac9d58ffccc49cd2fee9</varequal>
                <not>
                  <varequal respident="response1">text2qti_choice_376dfbee7949904879529563db890314c08fccf1aa47bf4d3609ebe2044d626f</varequal>
                </not>
                <not>
                  <varequal respident="response1">text2qti_choice_9968b34b671fd2f8641b5ff636d25a4e36fcf3a484685fbbe416c5a31bff2329</varequal>
                </not>
              </and>
            </conditionvar>
            <setvar action="Set" varname="SCORE">100</setvar>
          </respcondition>
        </resprocessing>
      </item>
      <item ident="text2qti_question_a0233ed28436f78a75836d92b5840000d6c5715b19203525981b3bf13cb32971" title="Question">
        <itemmetadata>
          <qtimetadata>
            <qtimetadatafield>
              <fieldlabel>question_type</fieldlabel>
              <fieldentry>multiple_answers_question</fieldentry>
            </qtimetadatafield>
            <qtimetadatafield>
              <fieldlabel>points_possible</fieldlabel>
              <fieldentry>1</fieldentry>
            </qtimetadatafield>
            <qtimetadatafield>
              <fieldlabel>original_answer_ids</fieldlabel>
              <fieldentry>text2qti_choice_310c9937a23571396d51a1400e05a31c2d7b3decd8db73fe62f3ebbf5b0bde3a,text2qti_choice_7eea468442dccfd7eb46a2c486727cc8c0f7304411f8544f63fd791e4b7223aa,text2qti_choice_3b590582f51708ee1cce596e377a2f47a1c02db4fc00b8c380e25d226d3c1717,text2qti_choice_e2efdfabc7f7dc2d0d119468af55466df20e21efe5dcd11b212b1f956e0fb2f0,text2qti_choice_20e2d202f3eeb3177804df3889f822490bbccc08e98dbf179f9b544d75a04671</fieldentry>
            </qtimetadatafield>
            <qtimetadatafield>
              <fieldlabel>assessment_question_identifierref</fieldlabel>
              <fieldentry>text2qti_question_ref_a0233ed28436f78a75836d92b5840000d6c5715b19203525981b3bf13cb32971</fieldentry>
            </qtimetadatafield>
          </qtimetadata>
        </itemmetadata>
        <presentation>
          <material>
            <mattext texttype="text/html">&lt;p&gt;Ola og Kari gjør analyse av temperaturer i Oslo. Løs
&lt;a href="https://colab.research.google.com/github/mbr085/V25MAT102/blob/main/notebooks/oblig3/oslobergen.ipynb"&gt;denne oppgaven på Google colab&lt;/a&gt;
for tidsperioden fra 1. januar 2000 til 31. desember 2019 og velg utsagnene under som stemmer.&lt;/p&gt;</mattext>
          </material>
          <response_lid ident="response1" rcardinality="Multiple">
            <render_choice>
              <response_label ident="text2qti_choice_310c9937a23571396d51a1400e05a31c2d7b3decd8db73fe62f3ebbf5b0bde3a">
                <material>
                  <mattext texttype="text/html">&lt;p&gt;Kari kan med en &lt;img class="equation_image" title="5\%" src="/equation_images/5%5C%25?scale=1" alt="LaTeX: 5\%" data-equation-content="5\%" data-ignore-a11y-check="" &gt; signifikansnivå forkaste nullhypotesen at temperaturene i Bergen er høyst en og en halv grader høyere enn i Oslo.&lt;/p&gt;</mattext>
                </material>
              </response_label>
              <response_label ident="text2qti_choice_7eea468442dccfd7eb46a2c486727cc8c0f7304411f8544f63fd791e4b7223aa">
                <material>
                  <mattext texttype="text/html">&lt;p&gt;Ola kan med en &lt;img class="equation_image" title="5\%" src="/equation_images/5%5C%25?scale=1" alt="LaTeX: 5\%" data-equation-content="5\%" data-ignore-a11y-check="" &gt; signifikansnivå forkaste nullhypotesen at temperaturene i Bergen er høyst en og en halv grader høyere enn i Oslo.&lt;/p&gt;</mattext>
                </material>
              </response_label>
              <response_label ident="text2qti_choice_3b590582f51708ee1cce596e377a2f47a1c02db4fc00b8c380e25d226d3c1717">
                <material>
                  <mattext texttype="text/html">&lt;p&gt;Kari og Ola kommer til samme konklusjon.&lt;/p&gt;</mattext>
                </material>
              </response_label>
              <response_label ident="text2qti_choice_e2efdfabc7f7dc2d0d119468af55466df20e21efe5dcd11b212b1f956e0fb2f0">
                <material>
                  <mattext texttype="text/html">&lt;p&gt;p-verdien til Kari er mindre enn &lt;img class="equation_image" title="10^{-6}" src="/equation_images/10%5E%7B-6%7D?scale=1" alt="LaTeX: 10^{-6}" data-equation-content="10^{-6}" data-ignore-a11y-check="" &gt;&lt;/p&gt;</mattext>
                </material>
              </response_label>
              <response_label ident="text2qti_choice_20e2d202f3eeb3177804df3889f822490bbccc08e98dbf179f9b544d75a04671">
                <material>
                  <mattext texttype="text/html">&lt;p&gt;p-verdien til Ola er mindre enn &lt;img class="equation_image" title="10^{-6}" src="/equation_images/10%5E%7B-6%7D?scale=1" alt="LaTeX: 10^{-6}" data-equation-content="10^{-6}" data-ignore-a11y-check="" &gt;&lt;/p&gt;</mattext>
                </material>
              </response_label>
            </render_choice>
          </response_lid>
        </presentation>
        <resprocessing>
          <outcomes>
            <decvar maxvalue="100" minvalue="0" varname="SCORE" vartype="Decimal"/>
          </outcomes>
          <respcondition continue="No">
            <conditionvar>
              <and>
                <not>
                  <varequal respident="response1">text2qti_choice_310c9937a23571396d51a1400e05a31c2d7b3decd8db73fe62f3ebbf5b0bde3a</varequal>
                </not>
                <not>
                  <varequal respident="response1">text2qti_choice_7eea468442dccfd7eb46a2c486727cc8c0f7304411f8544f63fd791e4b7223aa</varequal>
                </not>
                <varequal respident="response1">text2qti_choice_3b590582f51708ee1cce596e377a2f47a1c02db4fc00b8c380e25d226d3c1717</varequal>
                <not>
                  <varequal respident="response1">text2qti_choice_e2efdfabc7f7dc2d0d119468af55466df20e21efe5dcd11b212b1f956e0fb2f0</varequal>
                </not>
                <not>
                  <varequal respident="response1">text2qti_choice_20e2d202f3eeb3177804df3889f822490bbccc08e98dbf179f9b544d75a04671</varequal>
                </not>
              </and>
            </conditionvar>
            <setvar action="Set" varname="SCORE">100</setvar>
          </respcondition>
        </resprocessing>
      </item>
      <item ident="text2qti_question_1b7f7e1652c71d759e0c95bd8b2eebdcd752815c57f831bf3b6fe49a9b939d92" title="Question">
        <itemmetadata>
          <qtimetadata>
            <qtimetadatafield>
              <fieldlabel>question_type</fieldlabel>
              <fieldentry>multiple_answers_question</fieldentry>
            </qtimetadatafield>
            <qtimetadatafield>
              <fieldlabel>points_possible</fieldlabel>
              <fieldentry>1</fieldentry>
            </qtimetadatafield>
            <qtimetadatafield>
              <fieldlabel>original_answer_ids</fieldlabel>
              <fieldentry>text2qti_choice_e82939ba8abb02b9f70b6d5b99df971d5b06fdb7a141fcfa32a706d20a58c479,text2qti_choice_79aed63f4d17357607f5208a34e0bd68db5f7283083187af2e43854c7bfe31a3,text2qti_choice_c5f6f7245f6848bb456eac615a61b700a13ce6600621bd4912bdba828fe04353,text2qti_choice_6ebb692cf0d64ff8c59dfce0a1b63f5931678c3bb3867d16a48629271291ee4d,text2qti_choice_5ddeb41b05f0cd6e5b2fafa81498d7b7d92a32eabf6a74268b4cdd3a4021fd1b</fieldentry>
            </qtimetadatafield>
            <qtimetadatafield>
              <fieldlabel>assessment_question_identifierref</fieldlabel>
              <fieldentry>text2qti_question_ref_1b7f7e1652c71d759e0c95bd8b2eebdcd752815c57f831bf3b6fe49a9b939d92</fieldentry>
            </qtimetadatafield>
          </qtimetadata>
        </itemmetadata>
        <presentation>
          <material>
            <mattext texttype="text/html">&lt;p&gt;Ola og Kari gjør analyse av temperaturer i Oslo. Løs
&lt;a href="https://colab.research.google.com/github/mbr085/V25MAT102/blob/main/notebooks/oblig3/oslobergen.ipynb"&gt;denne oppgaven på Google colab&lt;/a&gt;
for tidsperioden fra 1. januar 1930 til 31. desember 2019 og velg utsagnene under som stemmer.&lt;/p&gt;</mattext>
          </material>
          <response_lid ident="response1" rcardinality="Multiple">
            <render_choice>
              <response_label ident="text2qti_choice_e82939ba8abb02b9f70b6d5b99df971d5b06fdb7a141fcfa32a706d20a58c479">
                <material>
                  <mattext texttype="text/html">&lt;p&gt;Kari kan med en &lt;img class="equation_image" title="5\%" src="/equation_images/5%5C%25?scale=1" alt="LaTeX: 5\%" data-equation-content="5\%" data-ignore-a11y-check="" &gt; signifikansnivå forkaste nullhypotesen at temperaturene i Bergen er høyst en og en halv grader høyere enn i Oslo.&lt;/p&gt;</mattext>
                </material>
              </response_label>
              <response_label ident="text2qti_choice_79aed63f4d17357607f5208a34e0bd68db5f7283083187af2e43854c7bfe31a3">
                <material>
                  <mattext texttype="text/html">&lt;p&gt;Ola kan med en &lt;img class="equation_image" title="5\%" src="/equation_images/5%5C%25?scale=1" alt="LaTeX: 5\%" data-equation-content="5\%" data-ignore-a11y-check="" &gt; signifikansnivå forkaste nullhypotesen at temperaturene i Bergen er høyst en og en halv grader høyere enn i Oslo.&lt;/p&gt;</mattext>
                </material>
              </response_label>
              <response_label ident="text2qti_choice_c5f6f7245f6848bb456eac615a61b700a13ce6600621bd4912bdba828fe04353">
                <material>
                  <mattext texttype="text/html">&lt;p&gt;Kari og Ola kommer til samme konklusjon.&lt;/p&gt;</mattext>
                </material>
              </response_label>
              <response_label ident="text2qti_choice_6ebb692cf0d64ff8c59dfce0a1b63f5931678c3bb3867d16a48629271291ee4d">
                <material>
                  <mattext texttype="text/html">&lt;p&gt;p-verdien til Kari er mindre enn &lt;img class="equation_image" title="10^{-6}" src="/equation_images/10%5E%7B-6%7D?scale=1" alt="LaTeX: 10^{-6}" data-equation-content="10^{-6}" data-ignore-a11y-check="" &gt;&lt;/p&gt;</mattext>
                </material>
              </response_label>
              <response_label ident="text2qti_choice_5ddeb41b05f0cd6e5b2fafa81498d7b7d92a32eabf6a74268b4cdd3a4021fd1b">
                <material>
                  <mattext texttype="text/html">&lt;p&gt;p-verdien til Ola er mindre enn &lt;img class="equation_image" title="10^{-6}" src="/equation_images/10%5E%7B-6%7D?scale=1" alt="LaTeX: 10^{-6}" data-equation-content="10^{-6}" data-ignore-a11y-check="" &gt;&lt;/p&gt;</mattext>
                </material>
              </response_label>
            </render_choice>
          </response_lid>
        </presentation>
        <resprocessing>
          <outcomes>
            <decvar maxvalue="100" minvalue="0" varname="SCORE" vartype="Decimal"/>
          </outcomes>
          <respcondition continue="No">
            <conditionvar>
              <and>
                <varequal respident="response1">text2qti_choice_e82939ba8abb02b9f70b6d5b99df971d5b06fdb7a141fcfa32a706d20a58c479</varequal>
                <not>
                  <varequal respident="response1">text2qti_choice_79aed63f4d17357607f5208a34e0bd68db5f7283083187af2e43854c7bfe31a3</varequal>
                </not>
                <not>
                  <varequal respident="response1">text2qti_choice_c5f6f7245f6848bb456eac615a61b700a13ce6600621bd4912bdba828fe04353</varequal>
                </not>
                <varequal respident="response1">text2qti_choice_6ebb692cf0d64ff8c59dfce0a1b63f5931678c3bb3867d16a48629271291ee4d</varequal>
                <not>
                  <varequal respident="response1">text2qti_choice_5ddeb41b05f0cd6e5b2fafa81498d7b7d92a32eabf6a74268b4cdd3a4021fd1b</varequal>
                </not>
              </and>
            </conditionvar>
            <setvar action="Set" varname="SCORE">100</setvar>
          </respcondition>
        </resprocessing>
      </item>
    </section>
    <section ident="text2qti_group_8b6883dda705c98e784db7e4a858340795a1bc16fde72ef3d2c4b47dcab92d89" title="Group">
      <selection_ordering>
        <selection>
          <selection_number>1</selection_number>
          <selection_extension>
            <points_per_item>5</points_per_item>
          </selection_extension>
        </selection>
      </selection_ordering>
      <item ident="text2qti_question_2b2cb99d2f988d943ff5bba6ee55f0fe805fbf947607a32b471f4851cc3859d3" title="Question">
        <itemmetadata>
          <qtimetadata>
            <qtimetadatafield>
              <fieldlabel>question_type</fieldlabel>
              <fieldentry>multiple_answers_question</fieldentry>
            </qtimetadatafield>
            <qtimetadatafield>
              <fieldlabel>points_possible</fieldlabel>
              <fieldentry>1</fieldentry>
            </qtimetadatafield>
            <qtimetadatafield>
              <fieldlabel>original_answer_ids</fieldlabel>
              <fieldentry>text2qti_choice_156cf6b3a270f69bd993e1a30896f8200862eb969890271613f7e5f2f97fcf37,text2qti_choice_7059c72013388283b48f11f306998cefa883a06bff7524108e6af7b2843df997,text2qti_choice_7828e86acdc40df29158741f32a22bacacd76721309570fc98d8739420a8dbc2,text2qti_choice_d8e18a2cc2850c7507896f51c647d6698b81cfde9d32ca15a8a4c94f7d9acaf9,text2qti_choice_9875517b01dafe29999092006aa94db43896116bf98db603dbc60ab2ee7646fe,text2qti_choice_19f4b2732b045b823c79189c241e08d75089b35d76851ed901cea4b633b14f94,text2qti_choice_3635f703415937d84e3690df9f67b0f281617fc4a5599d13f05fba7f1109b29f,text2qti_choice_527cbb85dfa2d6d1c6e82023f21cc35d16b260b81544d66029ee3601bea03b79</fieldentry>
            </qtimetadatafield>
            <qtimetadatafield>
              <fieldlabel>assessment_question_identifierref</fieldlabel>
              <fieldentry>text2qti_question_ref_2b2cb99d2f988d943ff5bba6ee55f0fe805fbf947607a32b471f4851cc3859d3</fieldentry>
            </qtimetadatafield>
          </qtimetadata>
        </itemmetadata>
        <presentation>
          <material>
            <mattext texttype="text/html">&lt;p&gt;La matrisen &lt;img class="equation_image" title="A" src="/equation_images/A?scale=1" alt="LaTeX: A" data-equation-content="A" data-ignore-a11y-check="" &gt; og vektoren &lt;img class="equation_image" title="b" src="/equation_images/b?scale=1" alt="LaTeX: b" data-equation-content="b" data-ignore-a11y-check="" &gt; være gitt ved
$$A = \begin{bmatrix}1&amp;amp;1\\2&amp;amp;1\\3&amp;amp;2\end{bmatrix} \qquad
b = \begin{bmatrix}1\\0\\0\end{bmatrix}
$$
Hint: &lt;a href="https://colab.research.google.com/github/mbr085/V25MAT102/blob/main/notebooks/uke10/12andrederiverttesten.ipynb#scrollTo=40548274-e8fc-4918-ae13-5a9d169b99dd"&gt;Se notisboken om anrederiverttesten&lt;/a&gt;.
x&lt;/p&gt;</mattext>
          </material>
          <response_lid ident="response1" rcardinality="Multiple">
            <render_choice>
              <response_label ident="text2qti_choice_156cf6b3a270f69bd993e1a30896f8200862eb969890271613f7e5f2f97fcf37">
                <material>
                  <mattext texttype="text/html">&lt;p&gt;&lt;img class="equation_image" title="|Ax - b|" src="/equation_images/%7CAx%20-%20b%7C?scale=1" alt="LaTeX: |Ax - b|" data-equation-content="|Ax - b|" data-ignore-a11y-check="" &gt; er minimal for &lt;img class="equation_image" title="x = [-2, 3/5]^T" src="/equation_images/x%20%3D%20%5B-2%2C%203%2F5%5D%5ET?scale=1" alt="LaTeX: x = [-2, 3/5]^T" data-equation-content="x = [-2, 3/5]^T" data-ignore-a11y-check="" &gt;&lt;/p&gt;</mattext>
                </material>
              </response_label>
              <response_label ident="text2qti_choice_7059c72013388283b48f11f306998cefa883a06bff7524108e6af7b2843df997">
                <material>
                  <mattext texttype="text/html">&lt;p&gt;&lt;img class="equation_image" title="|Ax - b|" src="/equation_images/%7CAx%20-%20b%7C?scale=1" alt="LaTeX: |Ax - b|" data-equation-content="|Ax - b|" data-ignore-a11y-check="" &gt; er minimal for &lt;img class="equation_image" title="x = [-1, 3/5]^T" src="/equation_images/x%20%3D%20%5B-1%2C%203%2F5%5D%5ET?scale=1" alt="LaTeX: x = [-1, 3/5]^T" data-equation-content="x = [-1, 3/5]^T" data-ignore-a11y-check="" &gt;&lt;/p&gt;</mattext>
                </material>
              </response_label>
              <response_label ident="text2qti_choice_7828e86acdc40df29158741f32a22bacacd76721309570fc98d8739420a8dbc2">
                <material>
                  <mattext texttype="text/html">&lt;p&gt;&lt;img class="equation_image" title="|Ax - b|" src="/equation_images/%7CAx%20-%20b%7C?scale=1" alt="LaTeX: |Ax - b|" data-equation-content="|Ax - b|" data-ignore-a11y-check="" &gt; er minimal for &lt;img class="equation_image" title="x = [-1, 3/7]^T" src="/equation_images/x%20%3D%20%5B-1%2C%203%2F7%5D%5ET?scale=1" alt="LaTeX: x = [-1, 3/7]^T" data-equation-content="x = [-1, 3/7]^T" data-ignore-a11y-check="" &gt;&lt;/p&gt;</mattext>
                </material>
              </response_label>
              <response_label ident="text2qti_choice_d8e18a2cc2850c7507896f51c647d6698b81cfde9d32ca15a8a4c94f7d9acaf9">
                <material>
                  <mattext texttype="text/html">&lt;p&gt;&lt;img class="equation_image" title="|Ax - b|" src="/equation_images/%7CAx%20-%20b%7C?scale=1" alt="LaTeX: |Ax - b|" data-equation-content="|Ax - b|" data-ignore-a11y-check="" &gt; er minimal for &lt;img class="equation_image" title="x = [2, 1/5]^T" src="/equation_images/x%20%3D%20%5B2%2C%201%2F5%5D%5ET?scale=1" alt="LaTeX: x = [2, 1/5]^T" data-equation-content="x = [2, 1/5]^T" data-ignore-a11y-check="" &gt;&lt;/p&gt;</mattext>
                </material>
              </response_label>
              <response_label ident="text2qti_choice_9875517b01dafe29999092006aa94db43896116bf98db603dbc60ab2ee7646fe">
                <material>
                  <mattext texttype="text/html">&lt;p&gt;minimumsverdien til &lt;img class="equation_image" title="|Ax - b|" src="/equation_images/%7CAx%20-%20b%7C?scale=1" alt="LaTeX: |Ax - b|" data-equation-content="|Ax - b|" data-ignore-a11y-check="" &gt; er &lt;img class="equation_image" title="1/\sqrt{6}" src="/equation_images/1%2F%5Csqrt%7B6%7D?scale=1" alt="LaTeX: 1/\sqrt{6}" data-equation-content="1/\sqrt{6}" data-ignore-a11y-check="" &gt;&lt;/p&gt;</mattext>
                </material>
              </response_label>
              <response_label ident="text2qti_choice_19f4b2732b045b823c79189c241e08d75089b35d76851ed901cea4b633b14f94">
                <material>
                  <mattext texttype="text/html">&lt;p&gt;minimumsverdien til &lt;img class="equation_image" title="|Ax - b|" src="/equation_images/%7CAx%20-%20b%7C?scale=1" alt="LaTeX: |Ax - b|" data-equation-content="|Ax - b|" data-ignore-a11y-check="" &gt; er &lt;img class="equation_image" title="1/\sqrt{2}" src="/equation_images/1%2F%5Csqrt%7B2%7D?scale=1" alt="LaTeX: 1/\sqrt{2}" data-equation-content="1/\sqrt{2}" data-ignore-a11y-check="" &gt;&lt;/p&gt;</mattext>
                </material>
              </response_label>
              <response_label ident="text2qti_choice_3635f703415937d84e3690df9f67b0f281617fc4a5599d13f05fba7f1109b29f">
                <material>
                  <mattext texttype="text/html">&lt;p&gt;minimumsverdien til &lt;img class="equation_image" title="|Ax - b|" src="/equation_images/%7CAx%20-%20b%7C?scale=1" alt="LaTeX: |Ax - b|" data-equation-content="|Ax - b|" data-ignore-a11y-check="" &gt; er &lt;img class="equation_image" title="1/\sqrt{3}" src="/equation_images/1%2F%5Csqrt%7B3%7D?scale=1" alt="LaTeX: 1/\sqrt{3}" data-equation-content="1/\sqrt{3}" data-ignore-a11y-check="" &gt;&lt;/p&gt;</mattext>
                </material>
              </response_label>
              <response_label ident="text2qti_choice_527cbb85dfa2d6d1c6e82023f21cc35d16b260b81544d66029ee3601bea03b79">
                <material>
                  <mattext texttype="text/html">&lt;p&gt;minimumsverdien til &lt;img class="equation_image" title="|Ax - b|" src="/equation_images/%7CAx%20-%20b%7C?scale=1" alt="LaTeX: |Ax - b|" data-equation-content="|Ax - b|" data-ignore-a11y-check="" &gt; er &lt;img class="equation_image" title="1/\sqrt{7}" src="/equation_images/1%2F%5Csqrt%7B7%7D?scale=1" alt="LaTeX: 1/\sqrt{7}" data-equation-content="1/\sqrt{7}" data-ignore-a11y-check="" &gt;&lt;/p&gt;</mattext>
                </material>
              </response_label>
            </render_choice>
          </response_lid>
        </presentation>
        <resprocessing>
          <outcomes>
            <decvar maxvalue="100" minvalue="0" varname="SCORE" vartype="Decimal"/>
          </outcomes>
          <respcondition continue="No">
            <conditionvar>
              <and>
                <not>
                  <varequal respident="response1">text2qti_choice_156cf6b3a270f69bd993e1a30896f8200862eb969890271613f7e5f2f97fcf37</varequal>
                </not>
                <varequal respident="response1">text2qti_choice_7059c72013388283b48f11f306998cefa883a06bff7524108e6af7b2843df997</varequal>
                <not>
                  <varequal respident="response1">text2qti_choice_7828e86acdc40df29158741f32a22bacacd76721309570fc98d8739420a8dbc2</varequal>
                </not>
                <not>
                  <varequal respident="response1">text2qti_choice_d8e18a2cc2850c7507896f51c647d6698b81cfde9d32ca15a8a4c94f7d9acaf9</varequal>
                </not>
                <not>
                  <varequal respident="response1">text2qti_choice_9875517b01dafe29999092006aa94db43896116bf98db603dbc60ab2ee7646fe</varequal>
                </not>
                <not>
                  <varequal respident="response1">text2qti_choice_19f4b2732b045b823c79189c241e08d75089b35d76851ed901cea4b633b14f94</varequal>
                </not>
                <varequal respident="response1">text2qti_choice_3635f703415937d84e3690df9f67b0f281617fc4a5599d13f05fba7f1109b29f</varequal>
                <not>
                  <varequal respident="response1">text2qti_choice_527cbb85dfa2d6d1c6e82023f21cc35d16b260b81544d66029ee3601bea03b79</varequal>
                </not>
              </and>
            </conditionvar>
            <setvar action="Set" varname="SCORE">100</setvar>
          </respcondition>
        </resprocessing>
      </item>
      <item ident="text2qti_question_5c0e5a990096eab344d66daa8a5ead74a16bd0f266ccea037fd2c08c2eed05ee" title="Question">
        <itemmetadata>
          <qtimetadata>
            <qtimetadatafield>
              <fieldlabel>question_type</fieldlabel>
              <fieldentry>multiple_answers_question</fieldentry>
            </qtimetadatafield>
            <qtimetadatafield>
              <fieldlabel>points_possible</fieldlabel>
              <fieldentry>1</fieldentry>
            </qtimetadatafield>
            <qtimetadatafield>
              <fieldlabel>original_answer_ids</fieldlabel>
              <fieldentry>text2qti_choice_a23b382d85ef63814c410d1f853c55f5b3f43ce1f5f93c6bc009abbf0b262669,text2qti_choice_685feb8af811739a98d148f3b537e5a7946bdd11d2ec0e33064041623128cbd2,text2qti_choice_0bdebc7fedf44cf7c9e9ab4be1beb9a60677302883e5e029f0499c42122e601a,text2qti_choice_be19b5b309a377aadffeaea81290ccb4ad81d2b8f6725f5d989b3b32f1200608,text2qti_choice_3a2d2b90e73761635da666ea9a0980bdfdcaacae07a7bd416f3624b5750bf722,text2qti_choice_54950cf2c10c2dc4d768bae6ee49e86df41fc36f46cbd289f1724f8d8370d99f,text2qti_choice_c23af8212ce74855c8e35fbdb1c51be33b6cf56d45f72a89fee1fc7ad71982d6,text2qti_choice_55055fe1f50725ee21f7b00839aa0fa539a7f9baec694a30b5a29d51c685c599</fieldentry>
            </qtimetadatafield>
            <qtimetadatafield>
              <fieldlabel>assessment_question_identifierref</fieldlabel>
              <fieldentry>text2qti_question_ref_5c0e5a990096eab344d66daa8a5ead74a16bd0f266ccea037fd2c08c2eed05ee</fieldentry>
            </qtimetadatafield>
          </qtimetadata>
        </itemmetadata>
        <presentation>
          <material>
            <mattext texttype="text/html">&lt;p&gt;La matrisen &lt;img class="equation_image" title="A" src="/equation_images/A?scale=1" alt="LaTeX: A" data-equation-content="A" data-ignore-a11y-check="" &gt; og vektoren &lt;img class="equation_image" title="b" src="/equation_images/b?scale=1" alt="LaTeX: b" data-equation-content="b" data-ignore-a11y-check="" &gt; være gitt ved
$$A = \begin{bmatrix}1&amp;amp;1\\2&amp;amp;1\\3&amp;amp;2\end{bmatrix} \qquad
b = \begin{bmatrix}1\\0\\0\end{bmatrix}
$$
Hint: &lt;a href="https://colab.research.google.com/github/mbr085/V25MAT102/blob/main/notebooks/uke10/12andrederiverttesten.ipynb#scrollTo=40548274-e8fc-4918-ae13-5a9d169b99dd"&gt;Se notisboken om anrederiverttesten&lt;/a&gt;.
xx&lt;/p&gt;</mattext>
          </material>
          <response_lid ident="response1" rcardinality="Multiple">
            <render_choice>
              <response_label ident="text2qti_choice_a23b382d85ef63814c410d1f853c55f5b3f43ce1f5f93c6bc009abbf0b262669">
                <material>
                  <mattext texttype="text/html">&lt;p&gt;&lt;img class="equation_image" title="|Ax - b|" src="/equation_images/%7CAx%20-%20b%7C?scale=1" alt="LaTeX: |Ax - b|" data-equation-content="|Ax - b|" data-ignore-a11y-check="" &gt; er minimal for &lt;img class="equation_image" title="x = [1, 3/5]^T" src="/equation_images/x%20%3D%20%5B1%2C%203%2F5%5D%5ET?scale=1" alt="LaTeX: x = [1, 3/5]^T" data-equation-content="x = [1, 3/5]^T" data-ignore-a11y-check="" &gt;&lt;/p&gt;</mattext>
                </material>
              </response_label>
              <response_label ident="text2qti_choice_685feb8af811739a98d148f3b537e5a7946bdd11d2ec0e33064041623128cbd2">
                <material>
                  <mattext texttype="text/html">&lt;p&gt;&lt;img class="equation_image" title="|Ax - b|" src="/equation_images/%7CAx%20-%20b%7C?scale=1" alt="LaTeX: |Ax - b|" data-equation-content="|Ax - b|" data-ignore-a11y-check="" &gt; er minimal for &lt;img class="equation_image" title="x = [-1, 1/5]^T" src="/equation_images/x%20%3D%20%5B-1%2C%201%2F5%5D%5ET?scale=1" alt="LaTeX: x = [-1, 1/5]^T" data-equation-content="x = [-1, 1/5]^T" data-ignore-a11y-check="" &gt;&lt;/p&gt;</mattext>
                </material>
              </response_label>
              <response_label ident="text2qti_choice_0bdebc7fedf44cf7c9e9ab4be1beb9a60677302883e5e029f0499c42122e601a">
                <material>
                  <mattext texttype="text/html">&lt;p&gt;&lt;img class="equation_image" title="|Ax - b|" src="/equation_images/%7CAx%20-%20b%7C?scale=1" alt="LaTeX: |Ax - b|" data-equation-content="|Ax - b|" data-ignore-a11y-check="" &gt; er minimal for &lt;img class="equation_image" title="x = [-1, 3/7]^T" src="/equation_images/x%20%3D%20%5B-1%2C%203%2F7%5D%5ET?scale=1" alt="LaTeX: x = [-1, 3/7]^T" data-equation-content="x = [-1, 3/7]^T" data-ignore-a11y-check="" &gt;&lt;/p&gt;</mattext>
                </material>
              </response_label>
              <response_label ident="text2qti_choice_be19b5b309a377aadffeaea81290ccb4ad81d2b8f6725f5d989b3b32f1200608">
                <material>
                  <mattext texttype="text/html">&lt;p&gt;&lt;img class="equation_image" title="|Ax - b|" src="/equation_images/%7CAx%20-%20b%7C?scale=1" alt="LaTeX: |Ax - b|" data-equation-content="|Ax - b|" data-ignore-a11y-check="" &gt; er minimal for &lt;img class="equation_image" title="x = [1, 1/5]^T" src="/equation_images/x%20%3D%20%5B1%2C%201%2F5%5D%5ET?scale=1" alt="LaTeX: x = [1, 1/5]^T" data-equation-content="x = [1, 1/5]^T" data-ignore-a11y-check="" &gt;&lt;/p&gt;</mattext>
                </material>
              </response_label>
              <response_label ident="text2qti_choice_3a2d2b90e73761635da666ea9a0980bdfdcaacae07a7bd416f3624b5750bf722">
                <material>
                  <mattext texttype="text/html">&lt;p&gt;minimumsverdien til &lt;img class="equation_image" title="|Ax - b|" src="/equation_images/%7CAx%20-%20b%7C?scale=1" alt="LaTeX: |Ax - b|" data-equation-content="|Ax - b|" data-ignore-a11y-check="" &gt; er &lt;img class="equation_image" title="1/\sqrt{5}" src="/equation_images/1%2F%5Csqrt%7B5%7D?scale=1" alt="LaTeX: 1/\sqrt{5}" data-equation-content="1/\sqrt{5}" data-ignore-a11y-check="" &gt;&lt;/p&gt;</mattext>
                </material>
              </response_label>
              <response_label ident="text2qti_choice_54950cf2c10c2dc4d768bae6ee49e86df41fc36f46cbd289f1724f8d8370d99f">
                <material>
                  <mattext texttype="text/html">&lt;p&gt;minimumsverdien til &lt;img class="equation_image" title="|Ax - b|" src="/equation_images/%7CAx%20-%20b%7C?scale=1" alt="LaTeX: |Ax - b|" data-equation-content="|Ax - b|" data-ignore-a11y-check="" &gt; er &lt;img class="equation_image" title="1/\sqrt{2}" src="/equation_images/1%2F%5Csqrt%7B2%7D?scale=1" alt="LaTeX: 1/\sqrt{2}" data-equation-content="1/\sqrt{2}" data-ignore-a11y-check="" &gt;&lt;/p&gt;</mattext>
                </material>
              </response_label>
              <response_label ident="text2qti_choice_c23af8212ce74855c8e35fbdb1c51be33b6cf56d45f72a89fee1fc7ad71982d6">
                <material>
                  <mattext texttype="text/html">&lt;p&gt;minimumsverdien til &lt;img class="equation_image" title="|Ax - b|" src="/equation_images/%7CAx%20-%20b%7C?scale=1" alt="LaTeX: |Ax - b|" data-equation-content="|Ax - b|" data-ignore-a11y-check="" &gt; er &lt;img class="equation_image" title="1/\sqrt{3}" src="/equation_images/1%2F%5Csqrt%7B3%7D?scale=1" alt="LaTeX: 1/\sqrt{3}" data-equation-content="1/\sqrt{3}" data-ignore-a11y-check="" &gt;&lt;/p&gt;</mattext>
                </material>
              </response_label>
              <response_label ident="text2qti_choice_55055fe1f50725ee21f7b00839aa0fa539a7f9baec694a30b5a29d51c685c599">
                <material>
                  <mattext texttype="text/html">&lt;p&gt;minimumsverdien til &lt;img class="equation_image" title="|Ax - b|" src="/equation_images/%7CAx%20-%20b%7C?scale=1" alt="LaTeX: |Ax - b|" data-equation-content="|Ax - b|" data-ignore-a11y-check="" &gt; er &lt;img class="equation_image" title="1/\sqrt{7}" src="/equation_images/1%2F%5Csqrt%7B7%7D?scale=1" alt="LaTeX: 1/\sqrt{7}" data-equation-content="1/\sqrt{7}" data-ignore-a11y-check="" &gt;&lt;/p&gt;</mattext>
                </material>
              </response_label>
            </render_choice>
          </response_lid>
        </presentation>
        <resprocessing>
          <outcomes>
            <decvar maxvalue="100" minvalue="0" varname="SCORE" vartype="Decimal"/>
          </outcomes>
          <respcondition continue="No">
            <conditionvar>
              <and>
                <not>
                  <varequal respident="response1">text2qti_choice_a23b382d85ef63814c410d1f853c55f5b3f43ce1f5f93c6bc009abbf0b262669</varequal>
                </not>
                <not>
                  <varequal respident="response1">text2qti_choice_685feb8af811739a98d148f3b537e5a7946bdd11d2ec0e33064041623128cbd2</varequal>
                </not>
                <not>
                  <varequal respident="response1">text2qti_choice_0bdebc7fedf44cf7c9e9ab4be1beb9a60677302883e5e029f0499c42122e601a</varequal>
                </not>
                <not>
                  <varequal respident="response1">text2qti_choice_be19b5b309a377aadffeaea81290ccb4ad81d2b8f6725f5d989b3b32f1200608</varequal>
                </not>
                <not>
                  <varequal respident="response1">text2qti_choice_3a2d2b90e73761635da666ea9a0980bdfdcaacae07a7bd416f3624b5750bf722</varequal>
                </not>
                <not>
                  <varequal respident="response1">text2qti_choice_54950cf2c10c2dc4d768bae6ee49e86df41fc36f46cbd289f1724f8d8370d99f</varequal>
                </not>
                <varequal respident="response1">text2qti_choice_c23af8212ce74855c8e35fbdb1c51be33b6cf56d45f72a89fee1fc7ad71982d6</varequal>
                <not>
                  <varequal respident="response1">text2qti_choice_55055fe1f50725ee21f7b00839aa0fa539a7f9baec694a30b5a29d51c685c599</varequal>
                </not>
              </and>
            </conditionvar>
            <setvar action="Set" varname="SCORE">100</setvar>
          </respcondition>
        </resprocessing>
      </item>
      <item ident="text2qti_question_eb80b3d0f2cbaa2f301222416f8393764247cf208e7342e43b6a69e636049b37" title="Question">
        <itemmetadata>
          <qtimetadata>
            <qtimetadatafield>
              <fieldlabel>question_type</fieldlabel>
              <fieldentry>multiple_answers_question</fieldentry>
            </qtimetadatafield>
            <qtimetadatafield>
              <fieldlabel>points_possible</fieldlabel>
              <fieldentry>1</fieldentry>
            </qtimetadatafield>
            <qtimetadatafield>
              <fieldlabel>original_answer_ids</fieldlabel>
              <fieldentry>text2qti_choice_c7c49c8785ac1057d41514b2f9a40cf287adf0d41cce1eb80bbaa08df1cd44b2,text2qti_choice_561ae7773339a636650c9bfc221e4c15e441d6e46bb6f3143acdae4c86e08c65,text2qti_choice_ea81fe60fe619d3399d1807ba29dbc5d4e7a2543dab394c981a170ef4bd5aade,text2qti_choice_4d7ff50feb4f360660c693e84f511996eaea9e1054dc058c12e017f18d425759,text2qti_choice_e12b1cb94dcedc7c3c5bfbbbf087b757706fa3f38b71d79b3f250d1f88f5a703,text2qti_choice_065c3759d8e69038c19d4b021122f6a5a564f841ff2aff5d450ea56b68e854f4,text2qti_choice_a962463761b8e7b0c241ae22d65d7b78da425aa6a47454d4d61aa19bfd3d3af1,text2qti_choice_fba49295f8a9c88fa7ec0be884947eea097fbe6b6dba9b89ffcf2204dfb0653a</fieldentry>
            </qtimetadatafield>
            <qtimetadatafield>
              <fieldlabel>assessment_question_identifierref</fieldlabel>
              <fieldentry>text2qti_question_ref_eb80b3d0f2cbaa2f301222416f8393764247cf208e7342e43b6a69e636049b37</fieldentry>
            </qtimetadatafield>
          </qtimetadata>
        </itemmetadata>
        <presentation>
          <material>
            <mattext texttype="text/html">&lt;p&gt;La matrisen &lt;img class="equation_image" title="A" src="/equation_images/A?scale=1" alt="LaTeX: A" data-equation-content="A" data-ignore-a11y-check="" &gt; og vektoren &lt;img class="equation_image" title="b" src="/equation_images/b?scale=1" alt="LaTeX: b" data-equation-content="b" data-ignore-a11y-check="" &gt; være gitt ved
$$A = \begin{bmatrix}1&amp;amp;1\\2&amp;amp;1\\3&amp;amp;2\end{bmatrix} \qquad
b = \begin{bmatrix}1\\0\\0\end{bmatrix}
$$
Hint: &lt;a href="https://colab.research.google.com/github/mbr085/V25MAT102/blob/main/notebooks/uke10/12andrederiverttesten.ipynb#scrollTo=40548274-e8fc-4918-ae13-5a9d169b99dd"&gt;Se notisboken om anrederiverttesten&lt;/a&gt;.
xxx&lt;/p&gt;</mattext>
          </material>
          <response_lid ident="response1" rcardinality="Multiple">
            <render_choice>
              <response_label ident="text2qti_choice_c7c49c8785ac1057d41514b2f9a40cf287adf0d41cce1eb80bbaa08df1cd44b2">
                <material>
                  <mattext texttype="text/html">&lt;p&gt;&lt;img class="equation_image" title="|Ax - b|" src="/equation_images/%7CAx%20-%20b%7C?scale=1" alt="LaTeX: |Ax - b|" data-equation-content="|Ax - b|" data-ignore-a11y-check="" &gt; er minimal for &lt;img class="equation_image" title="x = [1, 3/5]^T" src="/equation_images/x%20%3D%20%5B1%2C%203%2F5%5D%5ET?scale=1" alt="LaTeX: x = [1, 3/5]^T" data-equation-content="x = [1, 3/5]^T" data-ignore-a11y-check="" &gt;&lt;/p&gt;</mattext>
                </material>
              </response_label>
              <response_label ident="text2qti_choice_561ae7773339a636650c9bfc221e4c15e441d6e46bb6f3143acdae4c86e08c65">
                <material>
                  <mattext texttype="text/html">&lt;p&gt;&lt;img class="equation_image" title="|Ax - b|" src="/equation_images/%7CAx%20-%20b%7C?scale=1" alt="LaTeX: |Ax - b|" data-equation-content="|Ax - b|" data-ignore-a11y-check="" &gt; er minimal for &lt;img class="equation_image" title="x = [-1, 3/5]^T" src="/equation_images/x%20%3D%20%5B-1%2C%203%2F5%5D%5ET?scale=1" alt="LaTeX: x = [-1, 3/5]^T" data-equation-content="x = [-1, 3/5]^T" data-ignore-a11y-check="" &gt;&lt;/p&gt;</mattext>
                </material>
              </response_label>
              <response_label ident="text2qti_choice_ea81fe60fe619d3399d1807ba29dbc5d4e7a2543dab394c981a170ef4bd5aade">
                <material>
                  <mattext texttype="text/html">&lt;p&gt;&lt;img class="equation_image" title="|Ax - b|" src="/equation_images/%7CAx%20-%20b%7C?scale=1" alt="LaTeX: |Ax - b|" data-equation-content="|Ax - b|" data-ignore-a11y-check="" &gt; er minimal for &lt;img class="equation_image" title="x = [-1, 3/7]^T" src="/equation_images/x%20%3D%20%5B-1%2C%203%2F7%5D%5ET?scale=1" alt="LaTeX: x = [-1, 3/7]^T" data-equation-content="x = [-1, 3/7]^T" data-ignore-a11y-check="" &gt;&lt;/p&gt;</mattext>
                </material>
              </response_label>
              <response_label ident="text2qti_choice_4d7ff50feb4f360660c693e84f511996eaea9e1054dc058c12e017f18d425759">
                <material>
                  <mattext texttype="text/html">&lt;p&gt;&lt;img class="equation_image" title="|Ax - b|" src="/equation_images/%7CAx%20-%20b%7C?scale=1" alt="LaTeX: |Ax - b|" data-equation-content="|Ax - b|" data-ignore-a11y-check="" &gt; er minimal for &lt;img class="equation_image" title="x = [1, 1/5]^T" src="/equation_images/x%20%3D%20%5B1%2C%201%2F5%5D%5ET?scale=1" alt="LaTeX: x = [1, 1/5]^T" data-equation-content="x = [1, 1/5]^T" data-ignore-a11y-check="" &gt;&lt;/p&gt;</mattext>
                </material>
              </response_label>
              <response_label ident="text2qti_choice_e12b1cb94dcedc7c3c5bfbbbf087b757706fa3f38b71d79b3f250d1f88f5a703">
                <material>
                  <mattext texttype="text/html">&lt;p&gt;minimumsverdien til &lt;img class="equation_image" title="|Ax - b|" src="/equation_images/%7CAx%20-%20b%7C?scale=1" alt="LaTeX: |Ax - b|" data-equation-content="|Ax - b|" data-ignore-a11y-check="" &gt; er &lt;img class="equation_image" title="1/\sqrt{5}" src="/equation_images/1%2F%5Csqrt%7B5%7D?scale=1" alt="LaTeX: 1/\sqrt{5}" data-equation-content="1/\sqrt{5}" data-ignore-a11y-check="" &gt;&lt;/p&gt;</mattext>
                </material>
              </response_label>
              <response_label ident="text2qti_choice_065c3759d8e69038c19d4b021122f6a5a564f841ff2aff5d450ea56b68e854f4">
                <material>
                  <mattext texttype="text/html">&lt;p&gt;minimumsverdien til &lt;img class="equation_image" title="|Ax - b|" src="/equation_images/%7CAx%20-%20b%7C?scale=1" alt="LaTeX: |Ax - b|" data-equation-content="|Ax - b|" data-ignore-a11y-check="" &gt; er &lt;img class="equation_image" title="1/\sqrt{2}" src="/equation_images/1%2F%5Csqrt%7B2%7D?scale=1" alt="LaTeX: 1/\sqrt{2}" data-equation-content="1/\sqrt{2}" data-ignore-a11y-check="" &gt;&lt;/p&gt;</mattext>
                </material>
              </response_label>
              <response_label ident="text2qti_choice_a962463761b8e7b0c241ae22d65d7b78da425aa6a47454d4d61aa19bfd3d3af1">
                <material>
                  <mattext texttype="text/html">&lt;p&gt;minimumsverdien til &lt;img class="equation_image" title="|Ax - b|" src="/equation_images/%7CAx%20-%20b%7C?scale=1" alt="LaTeX: |Ax - b|" data-equation-content="|Ax - b|" data-ignore-a11y-check="" &gt; er &lt;img class="equation_image" title="1/\sqrt{3}" src="/equation_images/1%2F%5Csqrt%7B3%7D?scale=1" alt="LaTeX: 1/\sqrt{3}" data-equation-content="1/\sqrt{3}" data-ignore-a11y-check="" &gt;&lt;/p&gt;</mattext>
                </material>
              </response_label>
              <response_label ident="text2qti_choice_fba49295f8a9c88fa7ec0be884947eea097fbe6b6dba9b89ffcf2204dfb0653a">
                <material>
                  <mattext texttype="text/html">&lt;p&gt;minimumsverdien til &lt;img class="equation_image" title="|Ax - b|" src="/equation_images/%7CAx%20-%20b%7C?scale=1" alt="LaTeX: |Ax - b|" data-equation-content="|Ax - b|" data-ignore-a11y-check="" &gt; er &lt;img class="equation_image" title="1/\sqrt{7}" src="/equation_images/1%2F%5Csqrt%7B7%7D?scale=1" alt="LaTeX: 1/\sqrt{7}" data-equation-content="1/\sqrt{7}" data-ignore-a11y-check="" &gt;&lt;/p&gt;</mattext>
                </material>
              </response_label>
            </render_choice>
          </response_lid>
        </presentation>
        <resprocessing>
          <outcomes>
            <decvar maxvalue="100" minvalue="0" varname="SCORE" vartype="Decimal"/>
          </outcomes>
          <respcondition continue="No">
            <conditionvar>
              <and>
                <not>
                  <varequal respident="response1">text2qti_choice_c7c49c8785ac1057d41514b2f9a40cf287adf0d41cce1eb80bbaa08df1cd44b2</varequal>
                </not>
                <varequal respident="response1">text2qti_choice_561ae7773339a636650c9bfc221e4c15e441d6e46bb6f3143acdae4c86e08c65</varequal>
                <not>
                  <varequal respident="response1">text2qti_choice_ea81fe60fe619d3399d1807ba29dbc5d4e7a2543dab394c981a170ef4bd5aade</varequal>
                </not>
                <not>
                  <varequal respident="response1">text2qti_choice_4d7ff50feb4f360660c693e84f511996eaea9e1054dc058c12e017f18d425759</varequal>
                </not>
                <not>
                  <varequal respident="response1">text2qti_choice_e12b1cb94dcedc7c3c5bfbbbf087b757706fa3f38b71d79b3f250d1f88f5a703</varequal>
                </not>
                <not>
                  <varequal respident="response1">text2qti_choice_065c3759d8e69038c19d4b021122f6a5a564f841ff2aff5d450ea56b68e854f4</varequal>
                </not>
                <varequal respident="response1">text2qti_choice_a962463761b8e7b0c241ae22d65d7b78da425aa6a47454d4d61aa19bfd3d3af1</varequal>
                <not>
                  <varequal respident="response1">text2qti_choice_fba49295f8a9c88fa7ec0be884947eea097fbe6b6dba9b89ffcf2204dfb0653a</varequal>
                </not>
              </and>
            </conditionvar>
            <setvar action="Set" varname="SCORE">100</setvar>
          </respcondition>
        </resprocessing>
      </item>
    </section>
    </section>
  </assessment>
</questestinterop>
